"aspect","rating","raw_text","cleaned_text"
"teaching",0,"teacher are punctual but they should also give us the some practical knowledge other than theortical","teacher punctual also give us practical knowledge theortical"
"teaching",1,"Good","good"
"teaching",1,"Excellent lectures are delivered by teachers and all teachers are very punctual.","excellent lectures delivered teachers teachers punctual"
"teaching",1,"Good","good"
"teaching",1,"teachers give us all the information required to improve the performance.","teachers give us information required improve performance"
"teaching",1,"Yes","yes"
"teaching",1,"good and punctual","good punctual"
"teaching",1,"It is good","good"
"teaching",1,"Good","good"
"teaching",1,"Good","good"
"teaching",1,"It's good when compare with my Btech lectures and teaching activities.","good compare btech lectures teaching activities"
"teaching",1,"Good","good"
"teaching",1,"way of teaching is good","way teaching good"
"teaching",0,"University teaching here is very much dependent upon slides,though it is a easy way of teaching but still leaving some concepts unclear..otherwise interaction with the faculty is good.Lecture delivery sometimes is not upto the mark and punctuality is  fine.","university teaching much dependent upon slidesthough easy way teaching still leaving concepts unclearotherwise interaction faculty goodlecture delivery sometimes upto mark punctuality fine"
"teaching",1,"Good","good"
"teaching",1,"Good","good"
"teaching",1,"As compared to other colleges and university our university is perfect in all the aspects","compared colleges university university perfect aspects"
"teaching",1,"Good","good"
"teaching",1,"Lectures helps in clear our concept","lectures helps clear concept"
"teaching",0,"Talk about punctuality, it's really good but the lecture delivery is somehow not appreciated because every teacher has different style of teaching, so lack of knowledge in terms of subject is there and interaction is also kind of boring. A teacher should be entertaining as well but they are really not. All they want us to be studios and disciplined which is really not the thinking of every student.","talk punctuality really good lecture delivery somehow appreciated every teacher different style teaching lack knowledge terms subject interaction also kind boring teacher entertaining well really want us studios disciplined really thinking every student"
"teaching",1,"University is very good at delivering proper lectures,also the interaction with students is descent. Sometimes the teachers lack in terms of punctuality but overall university is giving a good input.","university good delivering proper lecturesalso interaction students descent sometimes teachers lack terms punctuality overall university giving good input"
"teaching",1,"Good","good"
"teaching",1,"Good","good"
"teaching",1,"lecturer are punctual and can interact them easily.","lecturer punctual interact easily"
"teaching",1,"Good","good"
"teaching",1,"Good","good"
"teaching",0,"Punctuality is good. Most of the teachers are not interacting with students .","punctuality good teachers interacting students"
"teaching",1,"Good","good"
"teaching",1,"nice","nice"
"teaching",-1,"lecture delivery is not so good","lecture delivery good"
"teaching",1,"It's good","good"
"teaching",1,"Discipline, punctuality , lecture delivery all are good but hv to do some work for quality of lecture","discipline punctuality lecture delivery good hv work quality lecture"
"teaching",0,"Interaction is very good,accurate supplement material is provided but recommendation of books is very poor,the change of a particular teacher after 3 months or a semester of same subject causes problems","interaction goodaccurate supplement material provided recommendation books poorthe change particular teacher 3 months semester subject causes problems"
"teaching",1,"Perfect","perfect"
"teaching",1,"It is really gud","really gud"
"teaching",0,"Very good teaching and management but too much load on student and working hours","good teaching management much load student working hours"
"teaching",-1,"in terms of lecture delivery that is good.in terms of punctuality that is also good but in terms of intraction that is very bad. There are some teachers they donot interact and do not litsn our problms that means they do not coprate.","terms lecture delivery goodin terms punctuality also good terms intraction bad teachers donot interact litsn problms means coprate"
"teaching",1,"According to me everything is going well in accordance to interaction.More than enough is served.","according everything going well accordance interactionmore enough served"
"teaching",0,"Very good teaching and management but too much load on student and working hours","good teaching management much load student working hours"
"teaching",-1,"not effective and satisfactory in terms of lecture delivery by all the faculty .","effective satisfactory terms lecture delivery faculty"
"teaching",1,"Good","good"
"teaching",1,"Good","good"
"teaching",1,"Accurate","accurate"
"teaching",1,"It's good","good"
"teaching",1,"Good","good"
"teaching",1,"it is good depending on the faculty","good depending faculty"
"teaching",1,"maintained punctuality, good lecture delivery","maintained punctuality good lecture delivery"
"teaching",0,"average","average"
"teaching",0,"average","average"
"teaching",1,"good","good"
"teaching",1,"good","good"
"teaching",1,"good","good"
"teaching",1,"good","good"
"teaching",0,"average","average"
"teaching",1,"good","good"
"teaching",1,"it is quite good , depending on teacher and their experience","quite good depending teacher experience"
"teaching",1,"it is quite good , depends upon teacher and their experience","quite good depends upon teacher experience"
"teaching",1,"the way of teaching is good but the time more than enough","way teaching good time enough"
"teaching",1,"good teaching delivery","good teaching delivery"
"teaching",1,"good, teacher is delivery the lecture in the best way they can","good teacher delivery lecture best way"
"teaching",0,"good and qualified teachers but few lacks in interaction with students and fails to describe a topic","good qualified teachers lacks interaction students fails describe topic"
"teaching",0,"average","average"
"teaching",1,"very good teaching facilities, lecture given are fruitful and teachers are punctual","good teaching facilities lecture given fruitful teachers punctual"
"teaching",0,"interaction is good but not with mostly male lecturers.punctuality is maintained by everyone but lecture delivery not peak quality.","interaction good mostly male lecturerspunctuality maintained everyone lecture delivery peak quality"
"teaching",1,"all things are good","things good"
"teaching",1,"all things are good","things good"
"teaching",1,"all activties are good","activties good"
"teaching",1,"all activties are good","activties good"
"teaching",1,"good","good"
"teaching",1,"All is good. no other university is so serious about the concept of practicals.","good university serious concept practicals"
"teaching",1,"lecture delivery depends on teacher's knowledge, punctuality is good","lecture delivery depends teachers knowledge punctuality good"
"teaching",1,"Good","good"
"teaching",1,"way of teaching is average","way teaching average"
"teaching",-1,"not so good","good"
"teaching",0,"average","average"
"teaching",1,"good","good"
"teaching",1,"the staff is highly punctual ad interactive and encourage students to participate in the class","staff highly punctual ad interactive encourage students participate class"
"teaching",1,"staff and faculty members are always available for interaction, very punctual and delivery of lecture can be improved","staff faculty members always available interaction punctual delivery lecture improved"
"teaching",1,"good delivery","good delivery"
"teaching",1,"good","good"
"teaching",1,"our university is good in terms of lecture delivery,interaction and punctuality","university good terms lecture deliveryinteraction punctuality"
"teaching",1,"good","good"
"teaching",1,"very good","good"
"teaching",1,"good","good"
"teaching",1,"interaction satisfied, lecture delivery good,punctuality always on time","interaction satisfied lecture delivery goodpunctuality always time"
"teaching",1,"Excellent but it depends upon teacher","excellent depends upon teacher"
"teaching",1,"good","good"
"teaching",1,"good","good"
"teaching",1,"Good","good"
"teaching",1,"good","good"
"teaching",1,"Good","good"
"teaching",1,"Good","good"
"teaching",1,"very good.","good"
"teaching",1,"it is ok","ok"
"teaching",-1,"some teachers aren't doing their jobs in very well manner","teachers arent jobs well manner"
"teaching",1,"Some of the teachers are not well experienced but they are interactive and helpful and punctual.","teachers well experienced interactive helpful punctual"
"teaching",0,"not all the teachers are teaching well but it's fine","teachers teaching well fine"
"teaching",1,"EXCELLENT","excellent"
"teaching",1,"The faculty is good ,interaction between student and teacher is also good","faculty good interaction student teacher also good"
"teaching",-1,"not good","good"
"teaching",1,"Good","good"
"teaching",1,"Good","good"
"teaching",-1,"some of our faculty member are not so experienced that's why most of the time we are facing problems subjects like CSE(c++)","faculty member experienced thats time facing problems subjects like csec"
"teaching",1,"good","good"
"teaching",1,"its to good","good"
"teaching",1,"everything is good","everything good"
"teaching",-1,"everything is good but when coming to some lectures who dont have a good grip on subject,they dont behave well with students and they dont even teach all the concepts in the subject.","everything good coming lectures dont good grip subjectthey dont behave well students dont even teach concepts subject"
"teaching",1,"excellent","excellent"
"teaching",0,"everything was good regarding to university but, some lecturers don't have grip on the subject and lag in the teaching","everything good regarding university lecturers dont grip subject lag teaching"
"teaching",0,"normal","normal"
"teaching",1,"good","good"
"teaching",1,"good","good"
"teaching",1,"teaching activities of our university is good. i am satisfied with it.","teaching activities university good satisfied"
"teaching",1,"GOOD","good"
"teaching",1,"everything is good for faculty","everything good faculty"
"teaching",1,"satisfactory","satisfactory"
"teaching",1,"GOOD","good"
"teaching",1,"all are good","good"
"teaching",0,"good but not good . sir improve the subject","good good sir improve subject"
"teaching",0,"The university is good but it also has a long way to go. More teachers should have their PhD and college fests related to academic curriculum must be improved to a great extent and must be managed properly.The interaction is good, lecture delivery needs more lucidity. The punctuality is top notch.","university good also long way go teachers phd college fests related academic curriculum must improved great extent must managed properlythe interaction good lecture delivery needs lucidity punctuality top notch"
"teaching",1,"our university is good in punctuality,lecture delivery but it is not good in terms of interaction","university good punctualitylecture delivery good terms interaction"
"teaching",0,"average","average"
"teaching",-1,"interaction is very less ,when it comes to lecture delivery its fine but the co cordination not there between the lectueres","interaction less comes lecture delivery fine co cordination lectueres"
"teaching",1,"good","good"
"teaching",1,"All lectures are giving their best to teach the students","lectures giving best teach students"
"teaching",-1,"our university is very good but in terms of interaction of teachers wd students is not at all fair because they interact wd only students understands his/her teaching they don't make remaining students to understand the topic","university good terms interaction teachers wd students fair interact wd students understands hisher teaching dont make remaining students understand topic"
"teaching",1,"The university consists of a whole world in itself.It is diverse and manages to conduct all events properly.I love being the part of this university where we get equal and all opportunities in all respects and fields.","university consists whole world itselfit diverse manages conduct events properlyi love part university get equal opportunities respects fields"
"teaching",1,"teachers are pretty interactive,But it all depends on the student to gain as much as knowledge he can from the teacher.Teachers are punctual and very helpful during exams time.","teachers pretty interactivebut depends student gain much knowledge teacherteachers punctual helpful exams time"
"teaching",0,"teaching delivery is good .but it is better to reduce there speed of  lecture delivery to understand the student better","teaching delivery good better reduce speed lecture delivery understand student better"
"teaching",1,"overall rating on this activity is 4.5/5 .very nice teaching and interaction between students and lectures was good, every time there will be new and fresh style in  delivering the lectures ,thanks.","overall rating activity 455 nice teaching interaction students lectures good every time new fresh style delivering lectures thanks"
"teaching",0,"excellent, but reduse the speed of teaching  ,up to understand the students","excellent reduse speed teaching understand students"
"teaching",0,"teaching is ok but the interaction with the students need to improve, i mean they have to focus on dull students more  than intelligents....","teaching ok interaction students need improve mean focus dull students intelligents"
"teaching",1,"Interaction is good but it should b more ...rest is too perfect","interaction good b rest perfect"
"teaching",1,"teachers are good in subject,and punctuality","teachers good subjectand punctuality"
"teaching",0,"Everything would be fine if there are less number of students in our btech CSE.","everything would fine less number students btech cse"
"teaching",1,"good","good"
"teaching",0,"faculties are doing quite well but need more senior lecturers.","faculties quite well need senior lecturers"
"teaching",1,"satisfied","satisfied"
"teaching",1,"examination department is not good, teaching is quite good, I cant get extra time for extra knowledge, interaction is good","examination department good teaching quite good cant get extra time extra knowledge interaction good"
"teaching",1,"Well and Good","well good"
"teaching",1,"Good","good"
"teaching",1,"good","good"
"teaching",0,"university management is extordinary but some of the faculty is very bad","university management extordinary faculty bad"
"teaching",1,"good","good"
"teaching",1,"good","good"
"teaching",1,"good","good"
"teaching",0,"some lectures are excellent,but not everyone","lectures excellentbut everyone"
"teaching",1,"It is very good learning in this university","good learning university"
"teaching",0,"its  booring","booring"
"teaching",1,"good","good"
"teaching",1,"Good","good"
"teaching",0,"teaching is good but some lecturers are showing partiality between south people and north people","teaching good lecturers showing partiality south people north people"
"teaching",1,"excellent","excellent"
"teaching",0,"teaching is good but some teachers are not able to interact properly and are not able to clear the concepts properly, teachers are punctual.","teaching good teachers able interact properly able clear concepts properly teachers punctual"
"teaching",1,"good","good"
"teaching",1,"Everything is very good. Interaction part is something like teachers mostly interact with each and every student, lecture delivery is very good and punctuality always maintains.","everything good interaction part something like teachers mostly interact every student lecture delivery good punctuality always maintains"
"teaching",1,"good","good"
"teaching",1,"I am very much satisfied with teaching faculty interms of iteraction,lecture delivery, punctuality etc","much satisfied teaching faculty interms iteractionlecture delivery punctuality etc"
"teaching",-1,"they are showing partiality between north indians and south indians","showing partiality north indians south indians"
"teaching",1,"good","good"
"teaching",1,"Interaction is satisfying, Lecture delivery is Good, Punctuality is Excellent","interaction satisfying lecture delivery good punctuality excellent"
"teaching",-1,"staff is showing partiality between north indians and south indians","staff showing partiality north indians south indians"
"teaching",1,"excellent university  the mode of teaching is completely different than any other university in india. lecturers are very friendly with every one they interact just like friends and they are very punctual","excellent university mode teaching completely different university india lecturers friendly every one interact like friends punctual"
"teaching",0,"lecture delivery and punctuality was good but the interaction with students was not good.","lecture delivery punctuality good interaction students good"
"teaching",0,"punctuality and lecture is good here but interaction isn't good.","punctuality lecture good interaction isnt good"
"teaching",1,"good enough","good enough"
"teaching",1,"In this university there is good interaction with the students, Teachers in this university can deliver the lectures effectively, There is good punctuality in this university","university good interaction students teachers university deliver lectures effectively good punctuality university"
"teaching",1,"Very good indeed.","good indeed"
"teaching",1,"Teaching is excellent,but lecture delivery is not up to the mark.Punctuality is good","teaching excellentbut lecture delivery markpunctuality good"
"teaching",0,"interaction of some faculty was good but not all faculty..","interaction faculty good faculty"
"teaching",1,"good, and also like the teaching style","good also like teaching style"
"teaching",1,"Interaction between students and teachers is good ,The lectures delivery is fine, punctuality is good","interaction students teachers good lectures delivery fine punctuality good"
"teaching",1,"not bad","bad"
"teaching",1,"Its Quite Good","quite good"
"teaching",1,"very good indeed","good indeed"
"teaching",1,"not bad..","bad"
"teaching",0,"teaching is good some lecturers are showing partiality between south people and north people","teaching good lecturers showing partiality south people north people"
"teaching",0,"I WAS A STUDENT OF A BOARDING SCHOOL .....(jnv) I STUDIED FOR 7  YEARS THERE RESIDING IN HOSTEL ..NOW LIVING IN LPU IS SAME LIKE THAT..AND STILL MORE SAME AND PUNCTUALITY IS SHOWN HERE BY BOTH TEACHERS AND STUDENTS...AND ALSO BY THE STAFF..          SECURITY IS ABOVE 90%(IN CASE OF  STUDENT IS WELL MANURED)  ....CLASSES REGULAR ....SPORTS DAILY.....PARTICIPATION WELL/.......QUALITY BELOW AVERAGE","student boarding school jnv studied 7 years residing hostel living lpu like thatand still punctuality shown teachers studentsand also staff security 90in case student well manured classes regular sports dailyparticipation wellquality average"
"teaching",1,"All terms are good regarding the university activities","terms good regarding university activities"
"teaching",1,"GOOD","good"
"teaching",1,"intraction is good and leacture delivery also good and then punctuality is also is good","intraction good leacture delivery also good punctuality also good"
"teaching",1,"all the given terms are good regarding the university","given terms good regarding university"
"teaching",1,"All the terms are good regarding the university activities.","terms good regarding university activities"
"teaching",-1,"Some of the teacher are un experienced. Also they are unfair and baised. Infact many of the teachers are having few or no experience about the subject","teacher un experienced also unfair baised infact many teachers experience subject"
"teaching",1,"IT IS GOING GOOD","going good"
"coursecontent",0,"content of courses are average","content courses average"
"coursecontent",-1,"Not good","good"
"coursecontent",1,"All courses material provide very good knowledge in depth .","courses material provide good knowledge depth"
"coursecontent",-1,"Content of course is perfectly in line with the teaching philosophy that is being perpetuated here i.e cramming,rote learning.","content course perfectly line teaching philosophy perpetuated ie crammingrote learning"
"coursecontent",1,"content of courses improves my knowledge","content courses improves knowledge"
"coursecontent",1,"Yes","yes"
"coursecontent",1,"Good","good"
"coursecontent",1,"This semester university has provide best teachers","semester university provide best teachers"
"coursecontent",-1,"Needs some improvement","needs improvement"
"coursecontent",-1,"Needs some improvement","needs improvement"
"coursecontent",0,"Knowledge  and depth of the course  is good but while coming to the material it's not upto the mark.","knowledge depth course good coming material upto mark"
"coursecontent",0,"Knowledge,depth of course is good but course material are not upto the mark","knowledgedepth course good course material upto mark"
"coursecontent",1,"course content is knowledgeable","course content knowledgeable"
"coursecontent",-1,"Content of the courses is good but some courses need improvement. Course material is not upto the mark.","content courses good courses need improvement course material upto mark"
"coursecontent",1,"Good","good"
"coursecontent",1,"Very good","good"
"coursecontent",-1,"Material of the course is not good enough","material course good enough"
"coursecontent",-1,"sometimes proper course material is not required.","sometimes proper course material required"
"coursecontent",1,"Easily available course material with sufficient knowledge gaining","easily available course material sufficient knowledge gaining"
"coursecontent",1,"The materials or links provided for study purpose is good, clarity in depth of courses but again it differs from teacher to teacher.","materials links provided study purpose good clarity depth courses differs teacher teacher"
"coursecontent",1,"The course notes are very knowledgeable and proper.","course notes knowledgeable proper"
"coursecontent",1,"Good","good"
"coursecontent",1,"Good","good"
"coursecontent",1,"content of the courses are update and mostly based on current technology.","content courses update mostly based current technology"
"coursecontent",-1,"Needs some improvement","needs improvement"
"coursecontent",1,"Good","good"
"coursecontent",-1,"Teachers are not giving depth of course . They trying to cover there work only .","teachers giving depth course trying cover work"
"coursecontent",1,"Good","good"
"coursecontent",1,"good","good"
"coursecontent",1,"every thing is fine","every thing fine"
"coursecontent",1,"It's appreciable","appreciable"
"coursecontent",1,"Satisfied","satisfied"
"coursecontent",-1,"The books that are recommended do not contain appropriate content; leads the students to depend on slides given by teachers. Hence the knowledge remains superficial","books recommended contain appropriate content leads students depend slides given teachers hence knowledge remains superficial"
"coursecontent",1,"Awesome","awesome"
"coursecontent",1,"It is proper","proper"
"coursecontent",1,"Courses are very good and useful","courses good useful"
"coursecontent",1,"Its good","good"
"coursecontent",1,"Everything is fine. Every thing is taught in depth.Even a single point is elaborated enough to understand.","everything fine every thing taught deptheven single point elaborated enough understand"
"coursecontent",1,"Courses are very good and useful","courses good useful"
"coursecontent",1,"content is good enough","content good enough"
"coursecontent",1,"Good","good"
"coursecontent",1,"Good","good"
"coursecontent",1,"Accurate","accurate"
"coursecontent",1,"Accurate","accurate"
"coursecontent",1,"Perfect","perfect"
"coursecontent",1,"the material provided is beneficial and provides much knowledge","material provided beneficial provides much knowledge"
"coursecontent",1,"fully knowledgeable","fully knowledgeable"
"coursecontent",1,"good","good"
"coursecontent",1,"good","good"
"coursecontent",1,"well planned","well planned"
"coursecontent",1,"good","good"
"coursecontent",1,"good","good"
"coursecontent",1,"ok","ok"
"coursecontent",1,"good","good"
"coursecontent",0,"average","average"
"coursecontent",1,"content is very knowledgable and gives us huge knowledge of every subject","content knowledgable gives us huge knowledge every subject"
"coursecontent",1,"content is enough, we donot need more.","content enough donot need"
"coursecontent",0,"good quallity content but some teachers donot upload ppts on time","good quallity content teachers donot upload ppts time"
"coursecontent",1,"course content is good","course content good"
"coursecontent",1,"the content of the course is knowledgeable","content course knowledgeable"
"coursecontent",0,"subjects are appropriate but much depth is required as syllabus includes only basics not the details","subjects appropriate much depth required syllabus includes basics details"
"coursecontent",1,"good","good"
"coursecontent",-1,"some courses are irrelevant as they are not related to my stream.","courses irrelevant related stream"
"coursecontent",-1,"there are many courses which are irrelevant to the branch. some topics are not covered. There is no proper material for any course","many courses irrelevant branch topics covered proper material course"
"coursecontent",1,"not too bad","bad"
"coursecontent",1,"not too bad","bad"
"coursecontent",1,"course material is perfect","course material perfect"
"coursecontent",1,"not bad","bad"
"coursecontent",1,"good","good"
"coursecontent",1,"IP is provided to the students which is very helpful for the students.","ip provided students helpful students"
"coursecontent",0,"depth of course is less on the other hand knowledge and material is good","depth course less hand knowledge material good"
"coursecontent",1,"Good","good"
"coursecontent",-1,"content does not provide deep knowledge","content provide deep knowledge"
"coursecontent",0,"average","average"
"coursecontent",-1,"sometime it is irrelevent with the ongoing courses.","sometime irrelevent ongoing courses"
"coursecontent",0,"average(in one term there should be only two major subjects based on numerical)","averagein one term two major subjects based numerical"
"coursecontent",0,"some of them are very helpful and knowledgeable and some are just formality","helpful knowledgeable formality"
"coursecontent",0,"very knowledgeable, some subjects do not have dedicated material like books available","knowledgeable subjects dedicated material like books available"
"coursecontent",1,"optimum content","optimum content"
"coursecontent",1,"good","good"
"coursecontent",1,"very good","good"
"coursecontent",1,"good","good"
"coursecontent",1,"very good","good"
"coursecontent",-1,"it is not appropriate","appropriate"
"coursecontent",1,"Satisfied knowedgeable and proper course material","satisfied knowedgeable proper course material"
"coursecontent",1,"Good, but there should be at least one a practical subject in every semester","good least one practical subject every semester"
"coursecontent",1,"Yes","yes"
"coursecontent",1,"good","good"
"coursecontent",1,"Good","good"
"coursecontent",1,"good","good"
"coursecontent",1,"Good","good"
"coursecontent",1,"Good","good"
"coursecontent",1,"good.","good"
"coursecontent",-1,"it is not very deep","deep"
"coursecontent",1,"course contents are very much relevant to our courses","course contents much relevant courses"
"coursecontent",0,"The course structure is good and follows todays technology. Some subjects portion are too vast and are difficult to cover in 1 sem","course structure good follows todays technology subjects portion vast difficult cover 1 sem"
"coursecontent",1,"good","good"
"coursecontent",1,"GOOD","good"
"coursecontent",1,"content of the course is good","content course good"
"coursecontent",-1,"syllabus is not in debth","syllabus debth"
"coursecontent",1,"Excellent","excellent"
"coursecontent",1,"Very good","good"
"coursecontent",1,"as per the courses all the sub are providing  worth knowledge","per courses sub providing worth knowledge"
"coursecontent",1,"very good","good"
"coursecontent",0,"i dont know","dont know"
"coursecontent",1,"regarding the courses everything is good","regarding courses everything good"
"coursecontent",1,"coming to the courses these are very well planned... and it all depends on the lectures.","coming courses well planned depends lectures"
"coursecontent",1,"good","good"
"coursecontent",1,"good","good"
"coursecontent",1,"good","good"
"coursecontent",1,"good","good"
"coursecontent",1,"upto the mark","upto mark"
"coursecontent",1,"It is so good.","good"
"coursecontent",1,"GOOD","good"
"coursecontent",1,"excellent","excellent"
"coursecontent",0,"content of course is ample but depth must be more","content course ample depth must"
"coursecontent",0,"COURSE IS GOOD NO PROPER COURSE MATERIAL","course good proper course material"
"coursecontent",1,"excellent","excellent"
"coursecontent",1,"good","good"
"coursecontent",-1,"Content of the courses should be changed a bit. More of industry oriented feature like Linux and GitHub must be implemented. Proper detailing and advanced knowledge is required and is to be instilled in the students.The course material is good.","content courses changed bit industry oriented feature like linux github must implemented proper detailing advanced knowledge required instilled studentsthe course material good"
"coursecontent",1,"good it was knowledgeable,depth of the course is good,there is but proper course materials in only for some  subjects","good knowledgeabledepth course goodthere proper course materials subjects"
"coursecontent",0,"average","average"
"coursecontent",1,"good","good"
"coursecontent",1,"good","good"
"coursecontent",1,"Excellent","excellent"
"coursecontent",1,"very good and you can also increase the standard of Courses","good also increase standard courses"
"coursecontent",1,"The courses available in the university have got a scope and the teaching of these courses goes on with the point of view of bringing out the best from the student by indulging them in different activities and projects.","courses available university got scope teaching courses goes point view bringing best student indulging different activities projects"
"coursecontent",1,"content of course is more than enough to get the basics of that particular subject.","content course enough get basics particular subject"
"coursecontent",0,"courses are also good .but lt of subjects in cse departments at 1st year it feels like burden upon us","courses also good lt subjects cse departments 1st year feels like burden upon us"
"coursecontent",1,"my rating in this is 4/5","rating 45"
"coursecontent",0,"good,they work very hard for us","goodthey work hard us"
"coursecontent",1,"good","good"
"coursecontent",-1,"syllabus is more which required time ..it should b less so that student can proper concentrate getting the knowlegde instead of just covering the syllabusgood","syllabus required time b less student proper concentrate getting knowlegde instead covering syllabusgood"
"coursecontent",1,"good","good"
"coursecontent",-1,"when compared to other universities we need better material and exposure.","compared universities need better material exposure"
"coursecontent",1,"good","good"
"coursecontent",-1,"the content of the course should be increased with the depth.","content course increased depth"
"coursecontent",1,"content provided by you is excellent so that we learnt more and more about that particular subject","content provided excellent learnt particular subject"
"coursecontent",1,"content of course is appropriate","content course appropriate"
"coursecontent",-1,"The content of course should be increase with depth","content course increase depth"
"coursecontent",1,"Good","good"
"coursecontent",1,"good","good"
"coursecontent",-1,"In my opnion very less content is their in our syllabus..it will be good if there is more syllabus and depth included in our syllabus","opnion less content syllabusit good syllabus depth included syllabus"
"coursecontent",-1,"some of the faculty are not uploading ppts","faculty uploading ppts"
"coursecontent",1,"ok","ok"
"coursecontent",1,"good","good"
"coursecontent",1,"excellent","excellent"
"coursecontent",1,"it is good learning these courses","good learning courses"
"coursecontent",-1,"its very tough and very diffcult to understand","tough diffcult understand"
"coursecontent",1,"Nice","nice"
"coursecontent",0,"yeah! well some of the faculty are not teaching well but the schedule of the university are superb ... and university asked feedback from us .that is really helpful","yeah well faculty teaching well schedule university superb university asked feedback us really helpful"
"coursecontent",1,"good","good"
"coursecontent",0,"The content of the courses are good but depth of courses are not enough to get the good concepts.","content courses good depth courses enough get good concepts"
"coursecontent",1,"content is sufficient for us","content sufficient us"
"coursecontent",1,"excellent","excellent"
"coursecontent",0,"Content of courses are good, these are very knowledgeable, depth of course is also there but sometimes proper course material is not there.","content courses good knowledgeable depth course also sometimes proper course material"
"coursecontent",1,"good","good"
"coursecontent",1,"I like communication classes,courses are good","like communication classescourses good"
"coursecontent",1,"they are giving good knowledge for us","giving good knowledge us"
"coursecontent",1,"Excellent","excellent"
"coursecontent",1,"Knowledgeable is Good, Depth of course is satisfying, proper course material is also good","knowledgeable good depth course satisfying proper course material also good"
"coursecontent",1,"its good","good"
"coursecontent",1,"every thing is good subjects have a very good depth almost all the  books are available   in the library and more than that 4/5","every thing good subjects good depth almost books available library 45"
"coursecontent",1,"good","good"
"coursecontent",1,"Its nice .","nice"
"coursecontent",-1,"not good","good"
"coursecontent",1,"The material provided in this university is depth of course, The courses in this university is knowledgeable","material provided university depth course courses university knowledgeable"
"coursecontent",1,"The depth of course is very much  deep. According to me its very essential","depth course much deep according essential"
"coursecontent",0,"Some subjects are good and predictable.Remaining courses are not satisfactory","subjects good predictableremaining courses satisfactory"
"coursecontent",0,"depth  of course was good ....providing a basic knowledge not so deep in subjects....at least they should provide deep knowledge and syllabus in core subjects...","depth course good providing basic knowledge deep subjectsat least provide deep knowledge syllabus core subjects"
"coursecontent",1,"I like this very much because every subject is linked up with real life situations and every thing in the subject is use full","like much every subject linked real life situations every thing subject use full"
"coursecontent",0,"depth of the course are depended on the level of student intake, course material is delivered after the class in UMS","depth course depended level student intake course material delivered class ums"
"coursecontent",1,"good","good"
"coursecontent",1,"Pretty Good","pretty good"
"coursecontent",1,"Is good","good"
"coursecontent",-1,"not good enough.. we want something more.","good enough want something"
"coursecontent",1,"good","good"
"coursecontent",-1,"LESS TIME FOR STUDY ...LESS TIME FOR PAPER ATTEMTING...LESS TIME FOR EVERY THING ....LESS KNOWLEGE.....LESS DEPTH OF COURSE .....BUT PROPER COURSE MATERIAL ACCORDING TO EXAM","less time study less time paper attemtingless time every thing less knowlegeless depth course proper course material according exam"
"coursecontent",0,"knowledge is maximum gained by reading books also the teachers explain depth if we are interested to know about it.","knowledge maximum gained reading books also teachers explain depth interested know"
"coursecontent",-1,"HAVE TO IMPROVE","improve"
"coursecontent",0,"every one can tell depth of course but some one only give notes","every one tell depth course one give notes"
"coursecontent",1,"we are getting maximum knowledge","getting maximum knowledge"
"coursecontent",1,"Knowledge is maximum gained  by reading books and also teachers explain the concept in depth.","knowledge maximum gained reading books also teachers explain concept depth"
"coursecontent",0,"Its fine but it should focus more towards practical knowledge rather than content based. It would be helpful for us.","fine focus towards practical knowledge rather content based would helpful us"
"coursecontent",-1,"HAVE TO IMPROVE","improve"
"examination",1,"examination pattern is good","examination pattern good"
"examination",1,"Good","good"
"examination",1,"Exam pattern is up to the mark and the Cgpa depends on the various marks distributions like ca, mte etc which is very nice as compare to other institutions. Paper checking does not depend on length of ques but on the material which is the best part of it.","exam pattern mark cgpa depends various marks distributions like ca mte etc nice compare institutions paper checking depend length ques material best part"
"examination",-1,"Again the university tests students of their ability to memorize stuff. Questions should emphasize more on concepts rather than testing brain's cramming storage house.","university tests students ability memorize stuff questions emphasize concepts rather testing brains cramming storage house"
"examination",1,"examination pattern is good","examination pattern good"
"examination",1,"Yes","yes"
"examination",1,"Good","good"
"examination",1,"I like the question pattern","like question pattern"
"examination",1,"Good","good"
"examination",1,"Good","good"
"examination",1,"This university is far better than other university when coming to the exam pattern,marks disturbation and while coming to paper checking no biased corrections equal to all.","university far better university coming exam patternmarks disturbation coming paper checking biased corrections equal"
"examination",1,"Great","great"
"examination",1,"exam pattern is good and good paper checking.","exam pattern good good paper checking"
"examination",0,"Pattern and procedure of the examination is very good. Paper checking needed to be improved.","pattern procedure examination good paper checking needed improved"
"examination",1,"Good","good"
"examination",1,"Excellent","excellent"
"examination",1,"Good","good"
"examination",1,"Good","good"
"examination",1,"Good marks distribution Students can easily check there performance throught the semester","good marks distribution students easily check performance throught semester"
"examination",0,"Exam pattern and how it is conducted is really seems to be good but it's my first year and when I went to scrutiny for the first time it was not as per my expectations. Teachers have marked the answers as per their choice, they must look for the content rather than the length of answers. So poor paper checking is there.","exam pattern conducted really seems good first year went scrutiny first time per expectations teachers marked answers per choice must look content rather length answers poor paper checking"
"examination",1,"Descent.","descent"
"examination",1,"Excellect","excellect"
"examination",1,"Excellect","excellect"
"examination",1,"exam pattern and marks distribution is very well procedure","exam pattern marks distribution well procedure"
"examination",1,"Good","good"
"examination",0,"Average","average"
"examination",1,"It is statisfactory.","statisfactory"
"examination",1,"Good","good"
"examination",-1,"not so good","good"
"examination",1,"all good","good"
"examination",-1,"Not that much good 
Students are working so hard
But they aren't getting satisfactory result","much good students working hard arent getting satisfactory result"
"examination",0,"All are good except paper checking. It should be improved","good except paper checking improved"
"examination",1,"Overall all these things are the plus point of the university","overall things plus point university"
"examination",1,"Notbad","notbad"
"examination",1,"It is very gud","gud"
"examination",0,"Examination pattern is good but marks distribution very confusing","examination pattern good marks distribution confusing"
"examination",1,"Exam pattren is good, marks distribution is also good bt paper cheacking is very tight.","exam pattren good marks distribution also good bt paper cheacking tight"
"examination",1,"Everything is fine.","everything fine"
"examination",0,"Examination pattern is good but marks distribution very confusing","examination pattern good marks distribution confusing"
"examination",1,"satisfactory","satisfactory"
"examination",1,"Good","good"
"examination",1,"Good","good"
"examination",1,"Very good","good"
"examination",1,"Very good","good"
"examination",1,"Accurate","accurate"
"examination",0,"it is neither too good nor too bad","neither good bad"
"examination",1,"exam pattern is good and good paper checking.","exam pattern good good paper checking"
"examination",1,"Excellent","excellent"
"examination",1,"good","good"
"examination",1,"good","good"
"examination",1,"good","good"
"examination",1,"good","good"
"examination",1,"good","good"
"examination",1,"good","good"
"examination",1,"Excellent","excellent"
"examination",1,"examination pattern, marks, paper checking is good.","examination pattern marks paper checking good"
"examination",-1,"too many examination, we are frustrated","many examination frustrated"
"examination",0,"too much examinations","much examinations"
"examination",0,"average","average"
"examination",1,"examination including exam pattern is good in some ways.MCQs shouls given to students for the preparation of exams.","examination including exam pattern good waysmcqs shouls given students preparation exams"
"examination",-1,"the level of examination should be raised. Questions with reasoning must be included","level examination raised questions reasoning must included"
"examination",1,"ok","ok"
"examination",1,"fair marking scheme and adaptable pattern","fair marking scheme adaptable pattern"
"examination",0,"pattern of examination is good but paper checking is not at all going in a good way.","pattern examination good paper checking going good way"
"examination",-1,"there should not be negative marking","negative marking"
"examination",1,"all things are good","things good"
"examination",-1,"there should not be negative marking","negative marking"
"examination",-1,"there should not be negative marking","negative marking"
"examination",1,"not bad","bad"
"examination",1,"All is good .","good"
"examination",1,"I like it , i am satisfied all these work","like satisfied work"
"examination",1,"Good","good"
"examination",1,"excellent","excellent"
"examination",1,"quite good","quite good"
"examination",1,"good","good"
"examination",-1,"very poor","poor"
"examination",1,"exam pattern is good and good paper checking but paper checking can be improved","exam pattern good good paper checking paper checking improved"
"examination",1,"exam pattern is good, very well marks distribution and paper checking varies from faculty to faculty.","exam pattern good well marks distribution paper checking varies faculty faculty"
"examination",1,"all excellent","excellent"
"examination",1,"good","good"
"examination",1,"Excellent","excellent"
"examination",1,"good","good"
"examination",1,"good","good"
"examination",0,"marks distribution is good but paper checking is not that well","marks distribution good paper checking well"
"examination",1,"satisfied","satisfied"
"examination",1,"Excellent","excellent"
"examination",1,"Good","good"
"examination",1,"good","good"
"examination",-1,"Very Tough","tough"
"examination",1,"good","good"
"examination",1,"Excellent","excellent"
"examination",1,"Good","good"
"examination",1,"good.","good"
"examination",1,"it is good","good"
"examination",-1,"bad","bad"
"examination",0,"Examination pattern is good but mcq paper checking marks are not correct sometimes.","examination pattern good mcq paper checking marks correct sometimes"
"examination",-1,"very strict","strict"
"examination",1,"It is a good way in pattern","good way pattern"
"examination",1,"good","good"
"examination",1,"good","good"
"examination",-1,"Not good","good"
"examination",1,"Very good","good"
"examination",-1,"as per the exam pattern maths exam always have to be subjective rather than objective.","per exam pattern maths exam always subjective rather objective"
"examination",1,"all good","good"
"examination",-1,"its very bad thing not sowing answer of mcQ in exam we dont jiged what is rigth and rong where mak mistacvk","bad thing sowing answer mcq exam dont jiged rigth rong mak mistacvk"
"examination",1,"coming to the examinations it is good","coming examinations good"
"examination",0,"In CA's its in the hands of lectures... while in mte's and ete's its good.","cas hands lectures mtes etes good"
"examination",0,"i think mid trem should be also subjective","think mid trem also subjective"
"examination",1,"exam pattern and marks distribution are good","exam pattern marks distribution good"
"examination",1,"good","good"
"examination",1,"very good","good"
"examination",1,"good","good"
"examination",1,"Examination pattern and marks distribution all the terms are good.Ca and MTE also give the chance to students for improving.","examination pattern marks distribution terms goodca mte also give chance students improving"
"examination",1,"GOOD","good"
"examination",0,"in examinations please try to give question papers","examinations please try give question papers"
"examination",1,"very good","good"
"examination",1,"GOOD AND STRICT","good strict"
"examination",-1,"not much good","much good"
"examination",0,"exams conducting is very good .but paper correction is very bad","exams conducting good paper correction bad"
"examination",0,"The examination pattern is good. More of logic based and subjective questions to be asked which is based upon conceptual learning. Paper checking must be done in a more lucid manner because many doubts arise with the checking of OMR sheet.","examination pattern good logic based subjective questions asked based upon conceptual learning paper checking must done lucid manner many doubts arise checking omr sheet"
"examination",1,"all these are good","good"
"examination",1,"the best pattern of examination are in lpu .","best pattern examination lpu"
"examination",0,"mid term percentage should be increased so that students get more choice to get success in the examinations","mid term percentage increased students get choice get success examinations"
"examination",1,"very good","good"
"examination",1,"Good","good"
"examination",1,"good","good"
"examination",1,"The examination system of the university is very impressive.The sitting plan of he students is made in such a way that no 2 students of same class give the exam in same room or even sometimes same blocks.Through this students also get to know and visit different blocks of the university.The checking is also fair .","examination system university impressivethe sitting plan students made way 2 students class give exam room even sometimes blocksthrough students also get know visit different blocks universitythe checking also fair"
"examination",1,"Everything is pretty well organised","everything pretty well organised"
"examination",1,"good","good"
"examination",1,"very good 5/5","good 55"
"examination",1,"good","good"
"examination",-1,"for some subjects like maths and english(passage writing) the time duration neds to increase","subjects like maths englishpassage writing time duration neds increase"
"examination",0,"Pattern is good ...marks distribution that includes ca,mt,et ,nd attendence all that is  little complicated","pattern good marks distribution includes camtet nd attendence little complicated"
"examination",1,"good","good"
"examination",1,"every thing is fine.","every thing fine"
"examination",1,"good","good"
"examination",1,"Probably the best part of university is its examination and its pattern.","probably best part university examination pattern"
"examination",1,"I have never seen this type of examination,,,,,,,very GOOD  pattern","never seen type examinationvery good pattern"
"examination",-1,"examination checking sucks here , don't knw why I get low marks even if 4 qustions are wrong . answer key of exam is absurd, discrepancy system is not advantageous, answers of exam not right, omr should be uploaded","examination checking sucks dont knw get low marks even 4 qustions wrong answer key exam absurd discrepancy system advantageous answers exam right omr uploaded"
"examination",1,"It is best","best"
"examination",1,"Good","good"
"examination",1,"good","good"
"examination",-1,"examination pattern is good but,,there is blunder mistake.that is we ha no alternate to check the mistake where we have done morever no question papers also not given for discussion.so i suggest to..provide option for checking mistakes in the MCQ exams such as midterm.","examination pattern good butthere blunder mistakethat ha alternate check mistake done morever question papers also given discussionso suggest toprovide option checking mistakes mcq exams midterm"
"examination",1,"good","good"
"examination",1,"ok","ok"
"examination",1,"good","good"
"examination",1,"excellent","excellent"
"examination",-1,"time not sufficient","time sufficient"
"examination",1,"good","good"
"examination",1,"exam pattern is good","exam pattern good"
"examination",1,"excellent!!!","excellent"
"examination",0,"every thing is excllent but paper checking is not good","every thing excllent paper checking good"
"examination",-1,"We don't get answers key and even the question papers for our mcq exams.There should be some means by which we could recheck our answers and get to know what mistakes we have made.","dont get answers key even question papers mcq examsthere means could recheck answers get know mistakes made"
"examination",0,"exam pattern is very nice but paper checking is not at all good .","exam pattern nice paper checking good"
"examination",1,"good","good"
"examination",0,"Exam pattern and marks distribution are excellent but sometimes there are some errors in paper checking.","exam pattern marks distribution excellent sometimes errors paper checking"
"examination",1,"good","good"
"examination",0,"exam  pattern is very good but if you give question papers to students it is helpful","exam pattern good give question papers students helpful"
"examination",1,"its better","better"
"examination",1,"Excellent","excellent"
"examination",1,"Exam pattern Very good, Marks distribution good but sometimes disappointing, paper checking OK","exam pattern good marks distribution good sometimes disappointing paper checking ok"
"examination",1,"yeah its obviously good","yeah obviously good"
"examination",1,"exam pattern is completely different the entire exams are objective oriented resumbling  the education in abroad my review is 5/5","exam pattern completely different entire exams objective oriented resumbling education abroad review 55"
"examination",1,"everything was good.","everything good"
"examination",1,"everything is good.","everything good"
"examination",0,"excellent but checking procedure is not exceptable since we  fail to know our faults in mid term..","excellent checking procedure exceptable since fail know faults mid term"
"examination",1,"Excellent exam pattern, paper checking in this university is easy","excellent exam pattern paper checking university easy"
"examination",0,"I don't like the -ve marking system. appart from that everything is great","dont like ve marking system appart everything great"
"examination",-1,"Returning the question paper after the exams to be expected,because to clear and clarify the doubts regarding particular subjects","returning question paper exams expectedbecause clear clarify doubts regarding particular subjects"
"examination",1,"examination pattern was excellent","examination pattern excellent"
"examination",1,"good","good"
"examination",1,"Exams are conducted upon the the basis of the revised chapters upto that point, marks distribution is appropriate, paper checking is good","exams conducted upon basis revised chapters upto point marks distribution appropriate paper checking good"
"examination",0,"very hard papers and main concept papers","hard papers main concept papers"
"examination",1,"Good","good"
"examination",-1,"Not so good","good"
"examination",-1,"strict paper correction.","strict paper correction"
"examination",0,"super but paper checking is not good","super paper checking good"
"examination",1,"NICE TIMING..","nice timing"
"examination",0,"That's good to have a negative marking pattern in exam but the time is not sufficient to do all the questions.","thats good negative marking pattern exam time sufficient questions"
"examination",1,"EXAMPATTERN IS GOOD AND MARKS DISTRIBUTION IS ALSO GOOD AND PAPER CHECKING IS VERY HARD","exampattern good marks distribution also good paper checking hard"
"examination",0,"exam pattern is good and marks distribution is also good but paper checking is too hard","exam pattern good marks distribution also good paper checking hard"
"examination",1,"all are good","good"
"examination",0,"The examination pattern is good .But time is not sufficient for those questions.","examination pattern good time sufficient questions"
"examination",1,"MCQ pattern is quite good and efficient way for evolving students.","mcq pattern quite good efficient way evolving students"
"examination",0,"PAPER CHECKING IS VERY HARD REMAINING IS GOOD","paper checking hard remaining good"
"labwork",-1,"not satisfactory, lab work must include latest technologies","satisfactory lab work must include latest technologies"
"labwork",1,"Good","good"
"labwork",1,"Lab work is properly covered in the labs by the faculty and evaluations help to learn more practical knowledge in depth.","lab work properly covered labs faculty evaluations help learn practical knowledge depth"
"labwork",1,"Good","good"
"labwork",1,"practical work provides detail knowledge of theoretical work","practical work provides detail knowledge theoretical work"
"labwork",1,"Yes","yes"
"labwork",1,"Good","good"
"labwork",1,"Everything is going fine in lab . learning new things. That is good for us","everything going fine lab learning new things good us"
"labwork",1,"Good","good"
"labwork",1,"Good","good"
"labwork",-1,"Lab and practical are not upto the mark. The topic which are practiced are almost already done in Btech.","lab practical upto mark topic practiced almost already done btech"
"labwork",-1,"Not upto the mark","upto mark"
"labwork",-1,"lab improves practical knowledge","lab improves practical knowledge"
"labwork",0,"Sometimes systems at labs are screwed up .Otherwise everything is  at their respected desk.","sometimes systems labs screwed otherwise everything respected desk"
"labwork",1,"Good","good"
"labwork",1,"Good","good"
"labwork",1,"Practical work is fair","practical work fair"
"labwork",1,"Good","good"
"labwork",1,"Practical and easy learning","practical easy learning"
"labwork",-1,"The evaluation is again bad for our CA, as one of our faculty is really weird. He gives us remarks on the basis of how we present things in front of it, he never look for the content of our answer, which is really annoying. As he expects us to deliver answer in the way he wants us to do. But how can a person do that, as people do have different mentality and they do explain themselves in different manner, so a teacher must understand that quality of a child and should give him marks on the basis of what they say not what they should say.","evaluation bad ca one faculty really weird gives us remarks basis present things front never look content answer really annoying expects us deliver answer way wants us person people different mentality explain different manner teacher must understand quality child give marks basis say say"
"labwork",1,"Good.","good"
"labwork",1,"Good","good"
"labwork",1,"Good","good"
"labwork",1,"well and good infrastructure and have trending software in lab","well good infrastructure trending software lab"
"labwork",1,"Good","good"
"labwork",0,"Average","average"
"labwork",-1,"3 hours practical is so long. It should be of 2 hours only","3 hours practical long 2 hours"
"labwork",1,"Good","good"
"labwork",1,"ok ok","ok ok"
"labwork",-1,"practicle must be of 2 hours","practicle must 2 hours"
"labwork",1,"It's good 
Also depends on teacher's knowledge and student's interest","good also depends teachers knowledge students interest"
"labwork",1,"All good","good"
"labwork",0,"Average","average"
"labwork",-1,"Too much lanlb file work","much lanlb file work"
"labwork",0,"Evaluation method is gud.But the content is more to write in file","evaluation method gudbut content write file"
"labwork",1,"excellent","excellent"
"labwork",1,"Its good","good"
"labwork",0,"I think electrotherapy practical should be of 2 hours.That's enough I think.Rest is fine.","think electrotherapy practical 2 hoursthats enough thinkrest fine"
"labwork",1,"excellent","excellent"
"labwork",-1,"lab duration of 3 hours is very long .","lab duration 3 hours long"
"labwork",0,"Average","average"
"labwork",1,"Good","good"
"labwork",1,"Good","good"
"labwork",1,"It's good","good"
"labwork",1,"It's good","good"
"labwork",1,"lab evaluations are pretty good .they help us a lot.","lab evaluations pretty good help us lot"
"labwork",1,"having good material in labs.","good material labs"
"labwork",1,"too much good","much good"
"labwork",1,"good","good"
"labwork",0,"average","average"
"labwork",-1,"it is difficult to understand experiment in 1 hour","difficult understand experiment 1 hour"
"labwork",1,"good","good"
"labwork",1,"good","good"
"labwork",1,"good","good"
"labwork",1,"lab work is also good","lab work also good"
"labwork",1,"lab work is quite good","lab work quite good"
"labwork",0,"lab activities are good but not satisfactory in explaining point of view.","lab activities good satisfactory explaining point view"
"labwork",1,"helps in improving skills","helps improving skills"
"labwork",1,"lab work is nice.","lab work nice"
"labwork",1,"practical work including evaluations are good so that students can learn about practicals.","practical work including evaluations good students learn practicals"
"labwork",1,"laboratory provides us a good knowledge about practicals.","laboratory provides us good knowledge practicals"
"labwork",1,"good","good"
"labwork",-1,"practical work insome labs are not upto the marks","practical work insome labs upto marks"
"labwork",0,"labs are good but experiments are not very informative","labs good experiments informative"
"labwork",-1,"the labs are not practically built","labs practically built"
"labwork",1,"good","good"
"labwork",1,"practical work is good","practical work good"
"labwork",1,"good","good"
"labwork",1,"super","super"
"labwork",1,"This is the best in our university because there is no other university which takes seriously for practical work.","best university university takes seriously practical work"
"labwork",-1,"some time lab is not proper working , some teacher's practical knowledge is less on the other side evaluations is not that much good","time lab proper working teachers practical knowledge less side evaluations much good"
"labwork",1,"Good","good"
"labwork",1,"satisfactory","satisfactory"
"labwork",-1,"very poor.no equipments are there","poorno equipments"
"labwork",-1,"poor","poor"
"labwork",-1,"very poor.no equipments are there","poorno equipments"
"labwork",-1,"lab practicals and evaluations are below average and need lot of changes and improvements","lab practicals evaluations average need lot changes improvements"
"labwork",-1,"lab practical work can further be improved so that it can meet industrial standards","lab practical work improved meet industrial standards"
"labwork",1,"excellent work","excellent work"
"labwork",1,"good","good"
"labwork",1,"good","good"
"labwork",1,"good","good"
"labwork",1,"very good","good"
"labwork",-1,"its hard to find a computer working in lab. Students cannot save data in one single PC","hard find computer working lab students cannot save data one single pc"
"labwork",1,"good","good"
"labwork",-1,"Not good, becouse in lab teachers donot teach us how to work on live projects or how to make a live project. So i have ovserved that whatever teachers have been teachig us in lab that will not usefull in our future life.","good becouse lab teachers donot teach us work live projects make live project ovserved whatever teachers teachig us lab usefull future life"
"labwork",-1,"not good..the timing is too much for labs and syllabus is also so vast.we don't get propr revision","goodthe timing much labs syllabus also vastwe dont get propr revision"
"labwork",1,"good","good"
"labwork",1,"Good","good"
"labwork",1,"good","good"
"labwork",1,"Good","good"
"labwork",1,"Good","good"
"labwork",1,"satisfactory.","satisfactory"
"labwork",-1,"i hate it","hate"
"labwork",1,"very good","good"
"labwork",-1,"Practical work is in interesting but different teachers evaluate in their own way. Some of the teachers in some section  give marks without taking viva and some does not give marks accordingly","practical work interesting different teachers evaluate way teachers section give marks without taking viva give marks accordingly"
"labwork",1,"good","good"
"labwork",1,"good","good"
"labwork",1,"good","good"
"labwork",1,"good","good"
"labwork",1,"Good","good"
"labwork",1,"Good","good"
"labwork",1,"as per the lab evaluation we r satisfied with  it","per lab evaluation r satisfied"
"labwork",1,"good","good"
"labwork",1,"lab and practical work are litial good","lab practical work litial good"
"labwork",1,"good","good"
"labwork",-1,"not very good... must be improved.","good must improved"
"labwork",1,"good","good"
"labwork",1,"very good","good"
"labwork",-1,"bad","bad"
"labwork",1,"good","good"
"labwork",1,"good","good"
"labwork",1,"With the help of practicals students are able to understand all the concept.so it is also good.","help practicals students able understand conceptso also good"
"labwork",1,"GOOD","good"
"labwork",1,"very good","good"
"labwork",1,"good","good"
"labwork",1,"LAB IS VERY GOOD","lab good"
"labwork",1,"good","good"
"labwork",-1,"not good...... must be improve","good must improve"
"labwork",1,"Lab evaluations are good.","lab evaluations good"
"labwork",0,"it was good but it can be improved","good improved"
"labwork",-1,"most of the teacher don't even bother about the practical performed by students.They give marks just by seeing face or something like that.","teacher dont even bother practical performed studentsthey give marks seeing face something like"
"labwork",-1,"good  but marks are not given properly","good marks given properly"
"labwork",1,"good","good"
"labwork",1,"Excellent","excellent"
"labwork",0,"practicals are good but evaluations are not because they don't give enough time to work","practicals good evaluations dont give enough time work"
"labwork",1,"They are conducted in proper way.","conducted proper way"
"labwork",0,"Teachers are supposed to let the students know the actual use of the instruments used in the lab.","teachers supposed let students know actual use instruments used lab"
"labwork",1,"excellent ...they  work hard..their way of teaching is also pretty good","excellent work hardtheir way teaching also pretty good"
"labwork",0,"average 3.5/5","average 355"
"labwork",1,"good","good"
"labwork",0,"In labs,the lecturers has to interact with each student to improve their knowledge, in all the ways,before giving us the work they must explain about the experiment once so that we will come to know how to perform n take precautions while doing,........","labsthe lecturers interact student improve knowledge waysbefore giving us work must explain experiment come know perform n take precautions"
"labwork",1,"Good","good"
"labwork",1,"ok","ok"
"labwork",1,"its fine.","fine"
"labwork",1,"good","good"
"labwork",-1,"More number of lab/practicals should be there to enhance practical knowledge.","number labpracticals enhance practical knowledge"
"labwork",1,"Here we r able to do every thing by our own with u r valuable support","r able every thing u r valuable support"
"labwork",1,"pretty good","pretty good"
"labwork",1,"Very Good","good"
"labwork",1,"Good","good"
"labwork",1,"good","good"
"labwork",-1,"There are no sufficient lab equipments in the labs and the avilable euipments are also not perfect.","sufficient lab equipments labs avilable euipments also perfect"
"labwork",1,"good","good"
"labwork",1,"good","good"
"labwork",1,"good","good"
"labwork",1,"super","super"
"labwork",0,"it is good leaning in lab but the lab instruments are not properly working","good leaning lab lab instruments properly working"
"labwork",1,"very bad","bad"
"labwork",1,"good","good"
"labwork",1,"good","good"
"labwork",1,"labs are very interesting it is helpful to know the knowledge","labs interesting helpful know knowledge"
"labwork",-1,"According to me students are doing lab only for marks .","according students lab marks"
"labwork",1,"lab practical work help us to learn the things properly and evalution is also very necessary as it helps us to retain concepts","lab practical work help us learn things properly evalution also necessary helps us retain concepts"
"labwork",1,"good","good"
"labwork",1,"Lab or practical work is excellent and yes including evaluations also.","lab practical work excellent yes including evaluations also"
"labwork",1,"good","good"
"labwork",1,"lab is very much helpful","lab much helpful"
"labwork",-1,"in lab also they are showing parilaty","lab also showing parilaty"
"labwork",1,"Good","good"
"labwork",-1,"Lab evaluations are very strict","lab evaluations strict"
"labwork",1,"good","good"
"labwork",-1,"the lab evaluations are very strict","lab evaluations strict"
"labwork",1,"labs n practicals are good.","labs n practicals good"
"labwork",1,"practicals are pretty well.","practicals pretty well"
"labwork",1,"good","good"
"labwork",1,"There is good evaluations in lab regarding practicle","good evaluations lab regarding practicle"
"labwork",1,"Very good","good"
"labwork",1,"Its Good","good"
"labwork",0,"lab and practical works are good..with a little draw back of faculty in connecting  the lab practical to the outside  world..","lab practical works goodwith little draw back faculty connecting lab practical outside world"
"labwork",1,"I like it soo much","like soo much"
"labwork",1,"Lab is good the Prof explains everything before the lab begins and the Lab Asst helps us during the experiments","lab good prof explains everything lab begins lab asst helps us experiments"
"labwork",-1,"very strcitly they evaluted marks","strcitly evaluted marks"
"labwork",1,"Good enough","good enough"
"labwork",1,"very good","good"
"labwork",1,"nice..enough","niceenough"
"labwork",1,"labs are interesting and helpful toknoe the knowledge","labs interesting helpful toknoe knowledge"
"labwork",-1,"NOT GOOD ...","good"
"labwork",1,"Labs helps to know how the work is done.It thought me a good lessons.","labs helps know work doneit thought good lessons"
"labwork",1,"IT IS GOOD","good"
"labwork",1,"all labs and practical going on well","labs practical going well"
"labwork",1,"not bad","bad"
"labwork",1,"Labs are upto the mark.","labs upto mark"
"labwork",-1,"Our labs do not have all facalities.","labs facalities"
"labwork",1,"ALL PRACTICAL WORK IS GOOD","practical work good"
"library_facilities",0,"library facilities are good but number of books are less","library facilities good number books less"
"library_facilities",-1,"Not good","good"
"library_facilities",1,"Library facilities are excellent in terms of good techniques that are used over there.","library facilities excellent terms good techniques used"
"library_facilities",0,"Its the best thing i have seen in this university,albeit the behaviour of library staff is unprofessional at times. They are whimsically rude.","best thing seen universityalbeit behaviour library staff unprofessional times whimsically rude"
"library_facilities",1,"library has huge collection of books from different authors","library huge collection books different authors"
"library_facilities",1,"Yes","yes"
"library_facilities",1,"Hardworking","hardworking"
"library_facilities",0,"I am satisfied with the facilities but few books are limited of  database distribution","satisfied facilities books limited database distribution"
"library_facilities",-1,"Its required some libral in rules","required libral rules"
"library_facilities",-1,"Its required some libral in rules","required libral rules"
"library_facilities",1,"Good","good"
"library_facilities",1,"Good","good"
"library_facilities",1,"good library facilities","good library facilities"
"library_facilities",1,"Library facilities are very good. No issues","library facilities good issues"
"library_facilities",1,"Hardworking","hardworking"
"library_facilities",1,"Good","good"
"library_facilities",1,"Excellent","excellent"
"library_facilities",1,"Good","good"
"library_facilities",1,"Good","good"
"library_facilities",0,"Again some of the faculties don't know how to behave otherwise it is good.","faculties dont know behave otherwise good"
"library_facilities",1,"Descent.","descent"
"library_facilities",1,"Good","good"
"library_facilities",1,"Good","good"
"library_facilities",1,"library is very well managed and provide needed facilities to us","library well managed provide needed facilities us"
"library_facilities",-1,"Its required some libral in rules","required libral rules"
"library_facilities",1,"They are doing there job well","job well"
"library_facilities",-1,"Well... all the books are not avilable . If they are in library , books are in less number and strength of student are large.","well books avilable library books less number strength student large"
"library_facilities",1,"Good","good"
"library_facilities",-1,"all books are not available","books available"
"library_facilities",-1,"the system in library usually does not work . so it creates a problem for us to issue the book","system library usually work creates problem us issue book"
"library_facilities",-1,"Sometimes only book is available for some subjects
And it is reserved","sometimes book available subjects reserved"
"library_facilities",1,"Its very helpful","helpful"
"library_facilities",1,"Awesome, peaceful, relaxing atmosphere","awesome peaceful relaxing atmosphere"
"library_facilities",-1,"All books are not available","books available"
"library_facilities",-1,"I think number of books are very less according to the students .Only 2-3 copies are available.","think number books less according students 23 copies available"
"library_facilities",1,"good","good"
"library_facilities",1,"Thats good","thats good"
"library_facilities",-1,"I think stock is not enough more books are required.","think stock enough books required"
"library_facilities",1,"good","good"
"library_facilities",1,"very cooperative","cooperative"
"library_facilities",1,"Nice","nice"
"library_facilities",1,"Good","good"
"library_facilities",1,"Satisfactory","satisfactory"
"library_facilities",1,"Fine","fine"
"library_facilities",1,"Fine","fine"
"library_facilities",1,"library facilities provided are excellent","library facilities provided excellent"
"library_facilities",1,"good facilities","good facilities"
"library_facilities",0,"average","average"
"library_facilities",1,"better","better"
"library_facilities",1,"excellent","excellent"
"library_facilities",1,"good","good"
"library_facilities",1,"good","good"
"library_facilities",-1,"some books are not available. So please provide","books available please provide"
"library_facilities",1,"there are doing there job good","job good"
"library_facilities",1,"all are hardworking and punctual","hardworking punctual"
"library_facilities",1,"Excellent","excellent"
"library_facilities",1,"library is awesome and rich","library awesome rich"
"library_facilities",1,"they are good","good"
"library_facilities",1,"library facility is good","library facility good"
"library_facilities",1,"library facilities are good for students.","library facilities good students"
"library_facilities",1,"very good library facilities. Issuing time of book must be increased","good library facilities issuing time book must increased"
"library_facilities",1,"good","good"
"library_facilities",-1,"more books should be provided and the issue period should be increased","books provided issue period increased"
"library_facilities",1,"very good library facilities. Issuing time of book must be increased","good library facilities issuing time book must increased"
"library_facilities",0,"never went there","never went"
"library_facilities",1,"they are good","good"
"library_facilities",-1,"book issuing time should be increased for 2 weeks","book issuing time increased 2 weeks"
"library_facilities",1,"good","good"
"library_facilities",1,"excellent","excellent"
"library_facilities",0,"Really our library provides very good facilites for students and teachers but fine  system was not good it was directly increased upto 10.This is not a good thing.","really library provides good facilites students teachers fine system good directly increased upto 10this good thing"
"library_facilities",1,"Its good and proper design","good proper design"
"library_facilities",1,"Good","good"
"library_facilities",1,"Excellent","excellent"
"library_facilities",1,"good","good"
"library_facilities",0,"average","average"
"library_facilities",1,"average","average"
"library_facilities",1,"library contains all the books regarding courses and other materials and very cooperative library staff","library contains books regarding courses materials cooperative library staff"
"library_facilities",1,"all the books are easily available and accessable and the limit of book issued need to be increased","books easily available accessable limit book issued need increased"
"library_facilities",1,"all are good","good"
"library_facilities",1,"good","good"
"library_facilities",1,"library facilities are good . Every book is available in the library","library facilities good every book available library"
"library_facilities",1,"good","good"
"library_facilities",1,"very good library facilities. Issuing time of book must be increased","good library facilities issuing time book must increased"
"library_facilities",-1,"as per libraries, few books are not available and in computer library there are hardly 5 PCs working","per libraries books available computer library hardly 5 pcs working"
"library_facilities",1,"good","good"
"library_facilities",1,"Excellent","excellent"
"library_facilities",-1,"books are less","books less"
"library_facilities",1,"good","good"
"library_facilities",1,"Excellent","excellent"
"library_facilities",1,"excellent","excellent"
"library_facilities",1,"Good","good"
"library_facilities",1,"Good","good"
"library_facilities",1,"good.","good"
"library_facilities",1,"i love it","love"
"library_facilities",-1,"i think library facilities are only for hostelers","think library facilities hostelers"
"library_facilities",-1,"Capacity of library is less compared to size of university.","capacity library less compared size university"
"library_facilities",1,"library has providing excellent facilities","library providing excellent facilities"
"library_facilities",1,"It will provide us various books to increase our knowledge or to understand the  concept because it is good","provide us various books increase knowledge understand concept good"
"library_facilities",1,"good","good"
"library_facilities",1,"good","good"
"library_facilities",1,"Good","good"
"library_facilities",1,"Good","good"
"library_facilities",-1,"duration of issuing   books from library should be changed from 1week to 2 week that would be great.","duration issuing books library changed 1week 2 week would great"
"library_facilities",-1,"absolutely fine all books are there but the thing is that the time limit is very less we have to return the book that we have issued  very fast","absolutely fine books thing time limit less return book issued fast"
"library_facilities",0,"i dont think about","dont think"
"library_facilities",0,"very good","good"
"library_facilities",1,"very good.","good"
"library_facilities",1,"good","good"
"library_facilities",1,"very good","good"
"library_facilities",1,"good","good"
"library_facilities",1,"good","good"
"library_facilities",1,"good","good"
"library_facilities",1,"It is excellent.","excellent"
"library_facilities",1,"GOOD","good"
"library_facilities",1,"good","good"
"library_facilities",-1,"library facilities need to be improve by bringing some more books","library facilities need improve bringing books"
"library_facilities",1,"EXELLENT","exellent"
"library_facilities",1,"excellent","excellent"
"library_facilities",1,"good","good"
"library_facilities",1,"Library facilities are the strength of this university. It is awesome.","library facilities strength university awesome"
"library_facilities",1,"good","good"
"library_facilities",0,"Almost each and every books is there.But the time limit for keeping book is too much shorted.","almost every books therebut time limit keeping book much shorted"
"library_facilities",-1,"waste ,library is not the good place to study","waste library good place study"
"library_facilities",1,"good","good"
"library_facilities",1,"Good","good"
"library_facilities",0,"It's good but we don't find the books because their are much less number of books","good dont find books much less number books"
"library_facilities",1,"perfect","perfect"
"library_facilities",1,"They are good.","good"
"library_facilities",1,"excellent","excellent"
"library_facilities",1,"it is very nice and timings of library is good 5/5","nice timings library good 55"
"library_facilities",1,"excellent","excellent"
"library_facilities",0,"good but there is more need of keeping books of general topics about social,polity,gk,...etc other than related to subject so that we will get some knowledge about country related issues..............","good need keeping books general topics socialpolitygketc related subject get knowledge country related issues"
"library_facilities",1,"Good","good"
"library_facilities",1,"good","good"
"library_facilities",0,"Books are heavily outnumbered when compared to number of students this is the only problem with library.","books heavily outnumbered compared number students problem library"
"library_facilities",1,"good","good"
"library_facilities",-1,"Insufficient books","insufficient books"
"library_facilities",1,"I have no words to say about our library facilities,,,,,,,, SIMPLY AWESOME","words say library facilities simply awesome"
"library_facilities",0,"good but timings should be 24hrs","good timings 24hrs"
"library_facilities",-1,"insufficient books","insufficient books"
"library_facilities",0,"Library facility is very good but there is a problem collection of books, Available books are very less for some subjects","library facility good problem collection books available books less subjects"
"library_facilities",1,"good","good"
"library_facilities",1,"good enough.","good enough"
"library_facilities",1,"good","good"
"library_facilities",-1,"rough handling","rough handling"
"library_facilities",-1,"books are not available","books available"
"library_facilities",1,"librery facilities are excellent","librery facilities excellent"
"library_facilities",-1,"Very rough handling","rough handling"
"library_facilities",1,"good","good"
"library_facilities",1,"library facilites are good","library facilites good"
"library_facilities",0,"yeah quite well but ... some of the books are not available","yeah quite well books available"
"library_facilities",1,"library facilities is good","library facilities good"
"library_facilities",1,"good","good"
"library_facilities",1,"library facilty is good","library facilty good"
"library_facilities",1,"super","super"
"library_facilities",1,"Library facilities are good, it maintains silence there and makes good environment to study but sometimes it goes very strict which is not required according to me.","library facilities good maintains silence makes good environment study sometimes goes strict required according"
"library_facilities",0,"uncertain","uncertain"
"library_facilities",1,"I like reading books in Library","like reading books library"
"library_facilities",1,"i felt its better because there is no problem from library facilities","felt better problem library facilities"
"library_facilities",0,"Average","average"
"library_facilities",0,"Excellent     but sometimes lack of books especially during exam times","excellent sometimes lack books especially exam times"
"library_facilities",0,"libary is giving a lot to us  but we are not getting it","libary giving lot us getting"
"library_facilities",1,"excellent","excellent"
"library_facilities",0,"i've never went to library in lpu.so,i don't know about that.","ive never went library lpusoi dont know"
"library_facilities",0,"I don't know abt that bcoz i didn't go to library till now.","dont know abt bcoz didnt go library till"
"library_facilities",1,"facilities are good to overcome one's need","facilities good overcome ones need"
"library_facilities",1,"good","good"
"library_facilities",-1,"Required text books are not available to every student","required text books available every student"
"library_facilities",1,"Its good","good"
"library_facilities",0,"library facilities are excellent...but only limited books are available ..so books should be increased.","library facilities excellentbut limited books available books increased"
"library_facilities",1,"good","good"
"library_facilities",-1,"The library has insufficent number of books for all the students","library insufficent number books students"
"library_facilities",1,"very good there we can find several course books and we can find several reference books also...","good find several course books find several reference books also"
"library_facilities",0,"Library is vast and has got wide variety of books But I think more number of specimen copies of books should be made available","library vast got wide variety books think number specimen copies books made available"
"library_facilities",1,"good","good"
"library_facilities",1,"fine","fine"
"library_facilities",1,"good","good"
"library_facilities",0,"VERY NICE....BUT BOOKS ARE NOT AVAILABE EVERY TIME","nicebut books availabe every time"
"library_facilities",1,"They are good.","good"
"library_facilities",1,"IT IS ALSO GOOD","also good"
"library_facilities",0,"good","good"
"library_facilities",-1,"library facilities are not good.They are not following the rules( they are using phones in library).","library facilities goodthey following rules using phones library"
"library_facilities",1,"They are good","good"
"library_facilities",1,"We have a good library with all facalities.","good library facalities"
"library_facilities",-1,"THEY IS NO PROBLEM WITH THEM","problem"
"extracurricular",1,"extracurricular activities are excellent and provides best platform to students.","extracurricular activities excellent provides best platform students"
"extracurricular",1,"Good","good"
"extracurricular",1,"Extra curricular activities also help students to divert their mind from their study for some time. University plays an important role in this task.","extra curricular activities also help students divert mind study time university plays important role task"
"extracurricular",-1,"Complete wastage of time. Again this opinion is strictly personal and may not coincide with others.","complete wastage time opinion strictly personal may coincide others"
"extracurricular",1,"extracurricular activities increases mental and physical abilities","extracurricular activities increases mental physical abilities"
"extracurricular",1,"Yes","yes"
"extracurricular",0,"No views","views"
"extracurricular",0,"No idea about the extracurricular activities.","idea extracurricular activities"
"extracurricular",1,"Good it provides a great platform","good provides great platform"
"extracurricular",1,"Good it provides a great platform","good provides great platform"
"extracurricular",1,"While coming to extracurriculum activities it's better than any other university which I had come around.","coming extracurriculum activities better university come around"
"extracurricular",1,"Awesome","awesome"
"extracurricular",1,"ok","ok"
"extracurricular",1,"This university is no1 in terms of extracurricular activities and in encouraging students to participate at their comfort levels.","university no1 terms extracurricular activities encouraging students participate comfort levels"
"extracurricular",1,"Good","good"
"extracurricular",1,"Good","good"
"extracurricular",1,"Great job","great job"
"extracurricular",1,"excellent","excellent"
"extracurricular",1,"Its give various opportunities and exposure","give various opportunities exposure"
"extracurricular",0,"This is really a good thing that events happen in our university regularly but they must be announced early so that every student can prepare themselves for participation because sometimes we get to know about most of the events when they have already been conducted. So announcement must be there.","really good thing events happen university regularly must announced early every student prepare participation sometimes get know events already conducted announcement must"
"extracurricular",1,"Good.","good"
"extracurricular",1,"Good","good"
"extracurricular",1,"Good","good"
"extracurricular",1,"extracurricular activities held in university are necessary it provides student a platform where they can improve and groom them.","extracurricular activities held university necessary provides student platform improve groom"
"extracurricular",1,"Good it provides a great platform","good provides great platform"
"extracurricular",1,"Good","good"
"extracurricular",1,"They are really very intersting. All the students enjoys alot and get a chance to showcase there talent","really intersting students enjoys alot get chance showcase talent"
"extracurricular",1,"Good","good"
"extracurricular",1,"Awesome","awesome"
"extracurricular",1,"its good for refreshment","good refreshment"
"extracurricular",1,"It's appreciable
Students who are having interest in co curricular activities, getting a good platform","appreciable students interest co curricular activities getting good platform"
"extracurricular",1,"All good","good"
"extracurricular",0,"Good but lacks audience.....as only participants can see these activities on duty leave basis","good lacks audienceas participants see activities duty leave basis"
"extracurricular",1,"Perfect","perfect"
"extracurricular",1,"All the activities are gud and appropriate for students","activities gud appropriate students"
"extracurricular",1,"very good","good"
"extracurricular",0,"Thats good but the problm is whenever in university the functions like one india, one world are held we are not alowed to go because we have to attend the classes and if we miss the classes we will gona loose the attendence and everyone knows in lpu attendnce is very important. 
Thanx","thats good problm whenever university functions like one india one world held alowed go attend classes miss classes gona loose attendence everyone knows lpu attendnce important thanx"
"extracurricular",-1,"Chance to go and enjoy should be given.I think it should be off when any activity like One India is there to go and enjoy.Otherwise everything is good.","chance go enjoy giveni think activity like one india go enjoyotherwise everything good"
"extracurricular",1,"very good","good"
"extracurricular",-1,"extracurricular activies should be held when there are no classes for the students to attend so that every student can enjoy and participate in the events","extracurricular activies held classes students attend every student enjoy participate events"
"extracurricular",1,"Good","good"
"extracurricular",1,"Good","good"
"extracurricular",1,"Good","good"
"extracurricular",1,"Good","good"
"extracurricular",1,"Good","good"
"extracurricular",1,"they are amazing and help to boost our stamina.","amazing help boost stamina"
"extracurricular",1,"increasing confidence","increasing confidence"
"extracurricular",0,"average","average"
"extracurricular",1,"best","best"
"extracurricular",1,"good","good"
"extracurricular",1,"good","good"
"extracurricular",1,"good","good"
"extracurricular",1,"ok","ok"
"extracurricular",1,"good","good"
"extracurricular",0,"average","average"
"extracurricular",1,"extracurricular activities are good.","extracurricular activities good"
"extracurricular",0,"good it is, but teachers do not consider the new ones.","good teachers consider new ones"
"extracurricular",1,"it is good","good"
"extracurricular",1,"extracurrcular activities held in university is good.","extracurrcular activities held university good"
"extracurricular",1,"super, the extracurricular activities held in university. So that student can show the efforts in other fields.","super extracurricular activities held university student show efforts fields"
"extracurricular",1,"good and ample number of extracurricular activities take place","good ample number extracurricular activities take place"
"extracurricular",1,"good","good"
"extracurricular",0,"they are good but they should give exposure to more students and not the same.","good give exposure students"
"extracurricular",1,"excellent","excellent"
"extracurricular",0,"I donot participate","donot participate"
"extracurricular",0,"I donot participate","donot participate"
"extracurricular",1,"all are enough","enough"
"extracurricular",1,"all activities are good","activities good"
"extracurricular",1,"good","good"
"extracurricular",1,"More than best","best"
"extracurricular",1,"Its upto mark and very efficiently held in our university","upto mark efficiently held university"
"extracurricular",1,"Good","good"
"extracurricular",1,"provides good platform to interested students","provides good platform interested students"
"extracurricular",-1,"no comments. Because when you participiate you get reappear or backlog and no time is given for exam preparation","comments participiate get reappear backlog time given exam preparation"
"extracurricular",-1,"the activities are very good but no time is given to students for participation, so its of no use","activities good time given students participation use"
"extracurricular",0,"average","average"
"extracurricular",1,"lot of activities and students get exposure in games.","lot activities students get exposure games"
"extracurricular",1,"too many activities are conducted and student get ample amount of opportunities to participate","many activities conducted student get ample amount opportunities participate"
"extracurricular",1,"they are going excellent","going excellent"
"extracurricular",1,"good","good"
"extracurricular",1,"good","good"
"extracurricular",1,"good","good"
"extracurricular",1,"excellent","excellent"
"extracurricular",0,"not much interested","much interested"
"extracurricular",1,"very good","good"
"extracurricular",1,"Excellent","excellent"
"extracurricular",-1,"bcoz of lectures..we don't get time to participate..","bcoz lectureswe dont get time participate"
"extracurricular",1,"good","good"
"extracurricular",0,"Average","average"
"extracurricular",1,"good","good"
"extracurricular",1,"Good","good"
"extracurricular",1,"Good","good"
"extracurricular",1,"good.","good"
"extracurricular",1,"very good","good"
"extracurricular",-1,"i also want to participate in that activities but i can't take part in those activities because I'm a day scholar","also want participate activities cant take part activities im day scholar"
"extracurricular",1,"Extracurricular activities are good and provide a  good platform.","extracurricular activities good provide good platform"
"extracurricular",1,"good","good"
"extracurricular",1,"It is good","good"
"extracurricular",1,"good","good"
"extracurricular",1,"good","good"
"extracurricular",1,"Good","good"
"extracurricular",1,"Excellent","excellent"
"extracurricular",1,"that's  great","thats great"
"extracurricular",1,"best","best"
"extracurricular",0,"hahahah","hahahah"
"extracurricular",1,"very good it is a good oppurtunities to many students","good good oppurtunities many students"
"extracurricular",1,"there are many oppertunities for students .. its all upon students about how they utilize them.","many oppertunities students upon students utilize"
"extracurricular",1,"excellent","excellent"
"extracurricular",1,"excellent","excellent"
"extracurricular",1,"good","good"
"extracurricular",1,"good","good"
"extracurricular",0,"average","average"
"extracurricular",1,"It is excellent.","excellent"
"extracurricular",0,"Poor","poor"
"extracurricular",1,"some of the universities not conducted any extracurricular activities but in our university doing these it is good for our feature","universities conducted extracurricular activities university good feature"
"extracurricular",1,"good","good"
"extracurricular",1,"IT IS VERY MUCH USEFUL AND WE CAN PARTICIPATE IN OUR INTERESTS","much useful participate interests"
"extracurricular",1,"very good","good"
"extracurricular",1,"excelent","excelent"
"extracurricular",1,"Quite a lot of events are organized and students have a all round growth which is a nice thing.","quite lot events organized students round growth nice thing"
"extracurricular",1,"very good","good"
"extracurricular",-1,"Activities are not up to the mark as  advertisement.","activities mark advertisement"
"extracurricular",1,"very well","well"
"extracurricular",1,"good","good"
"extracurricular",1,"Excellent","excellent"
"extracurricular",0,"It's good but we don't get sufficient time for participating in that activities","good dont get sufficient time participating activities"
"extracurricular",1,"unbiased","unbiased"
"extracurricular",1,"LPU gives the best opportunity for the students to show their talent.","lpu gives best opportunity students show talent"
"extracurricular",1,"these are very usefull to students .excellent","usefull students excellent"
"extracurricular",0,"there are lot of extracurricular activites held in university but so many of them are unknown to us ,the problem is there is no such ad's viewed to us
my rating is 3/5","lot extracurricular activites held university many unknown us problem ads viewed us rating 35"
"extracurricular",1,"these are very use full to the sudents forphysical activity and improvement of knowledge","use full sudents forphysical activity improvement knowledge"
"extracurricular",1,"good","good"
"extracurricular",-1,"Sometimes study burden is that much that we can not participate in these activities ...there should b one activity complusory for every student like all other courses","sometimes study burden much participate activities b one activity complusory every student like courses"
"extracurricular",1,"excellent","excellent"
"extracurricular",1,"it helps in building up university's reputation.","helps building universitys reputation"
"extracurricular",1,"good","good"
"extracurricular",1,"It was quite great and unique.","quite great unique"
"extracurricular",1,"EXTRAORDINARY","extraordinary"
"extracurricular",1,"they are good","good"
"extracurricular",1,"it was quite great and unique","quite great unique"
"extracurricular",1,"Very good","good"
"extracurricular",1,"good","good"
"extracurricular",1,"it is relly awesome,extirdinary and marvellous but no time to attend","relly awesomeextirdinary marvellous time attend"
"extracurricular",1,"good","good"
"extracurricular",1,"good","good"
"extracurricular",1,"good","good"
"extracurricular",1,"nice","nice"
"extracurricular",1,"good","good"
"extracurricular",1,"that is only good in this university","good university"
"extracurricular",1,"good","good"
"extracurricular",1,"excellent..... u r the best in providing facilties and etc .. for extra curricular activities","excellent u r best providing facilties etc extra curricular activities"
"extracurricular",1,"extracurricular activities are also good","extracurricular activities also good"
"extracurricular",1,"excellent","excellent"
"extracurricular",1,"university offers alkot of activities which is excellent on their part as students are able to explore themselves","university offers alkot activities excellent part students able explore"
"extracurricular",1,"super","super"
"extracurricular",1,"Extracurricular activities are good. It helps people to know their talent and build up their skills.","extracurricular activities good helps people know talent build skills"
"extracurricular",1,"good","good"
"extracurricular",1,"I am really enjoying","really enjoying"
"extracurricular",1,"i felt happy because it encourages our talents","felt happy encourages talents"
"extracurricular",1,"Excellent","excellent"
"extracurricular",1,"Outstanding","outstanding"
"extracurricular",1,"better","better"
"extracurricular",1,"excellent  simply superb","excellent simply superb"
"extracurricular",-1,"before coming to lpu i thought sports were very good n encouraging.but, there are many politics in sports especially in cricket.","coming lpu thought sports good n encouragingbut many politics sports especially cricket"
"extracurricular",-1,"not every one is getting opportunities here only recommended students getting.","every one getting opportunities recommended students getting"
"extracurricular",1,"it seems to me very good since it is a good source of interaction with other and to built a leadership quilities and to overcome our faults.","seems good since good source interaction built leadership quilities overcome faults"
"extracurricular",1,"They are sportive","sportive"
"extracurricular",1,"One of the best things I like about this university. The best of all.","one best things like university best"
"extracurricular",1,"They are extraordinary","extraordinary"
"extracurricular",1,"extra curricular are so good. university is providing many pathways to many students....apart from education","extra curricular good university providing many pathways many studentsapart education"
"extracurricular",1,"good","good"
"extracurricular",1,"good they are knowledgebale and helps us interacting with other students","good knowledgebale helps us interacting students"
"extracurricular",1,"in this university there is lot of events and lot of extra curriclar activities....","university lot events lot extra curriclar activities"
"extracurricular",1,"Excellent","excellent"
"extracurricular",1,"The best","best"
"extracurricular",1,"good..","good"
"extracurricular",1,"excllent","excllent"
"extracurricular",-1,"VERY HIGH......NEED TO TAKE DOWN SOME ACCITIVTIES ................................NOISE POLLITION IN THE UNIVERSITY  ALWAYS A BIG PROBLEM.","highneed take accitivties noise pollition university always big problem"
"extracurricular",1,"Yes.","yes"
"extracurricular",1,"VERY GOOD","good"
"extracurricular",1,"they all are held in super","held super"
"extracurricular",1,"good","good"
"extracurricular",1,"the extracurricular activities held in university  are very enjoyable and good","extracurricular activities held university enjoyable good"
"extracurricular",1,"Our university has lot of extracurricular going on and it helps us a lot.","university lot extracurricular going helps us lot"
"extracurricular",1,"IT IS THE BEST THING IN THIS UNIVERSITY I LIKE IT","best thing university like"
